patient,label,preds,class0,class1,class2
CAD-321,1,1,0.2518716,0.48466277,0.2634657
MCF-654,1,2,0.16879712,0.31966925,0.5115336
AHN-987,0,0,0.983287,0.0005210852,0.016191974