patient,label,preds,class0,class1,class2
CAD-123,2,2,0.0042233495,0.34508148,0.65069515
AHN-456,2,1,0.19245133,0.69584644,0.111702345
MCA-789,1,1,0.15307465,0.74705327,0.099872105